﻿<?xml version="1.0"?> 
<dialog title="Rename Class Package" buttons="accept,cancel"> 
	<grid> 
		<columns> 
			<column/> 
			<column/> 
		</columns> 
		<rows> 
			<row> 
				<label value="current class package:" /> 
				<textbox id="oldpackage" tabindex="1" value="com.sampleclient" multiline="false" maxlength="100" /> 
			</row> 
			<row> 
				<label value="new class package:" /> 
				<textbox id="newpackage" tabindex="2" value="com.newclient" multiline="false" maxlength="100" /> 
			</row> 
			<row> 
				<label value="Autosave FLAs:" /> 
				<checkbox id="autosave" checked="true" />
			</row> 
		</rows> 
	</grid> 
	<separator/> 
</dialog> 